index,filename,document,figure_id,section,description,asset_mode,parts_min,collage_note,tex_file,tex_line
1,1.png,VKR,2.1,2.1 Пользовательские сценарии,Ключевой поток: идея -> обсуждение -> маршрут (схема 3-5 блоков),single,1,,docs/vkr/latex/chapters/chapter_2_methodology.tex,32
2,2.png,VKR,2.2,2.2 Архитектура системы,Обзорная архитектурная диаграмма Android client -> Backend -> PostgreSQL/интеграции,single,1,,docs/vkr/latex/chapters/chapter_2_methodology.tex,42
3,3.png,VKR,2.3,2.6 Нефункциональные решения,Офлайн-сценарий: действие офлайн -> очередь -> восстановление сети -> синхронизация,single,1,,docs/vkr/latex/chapters/chapter_2_methodology.tex,148
4,4.png,VKR,3.1,3.1 Общий интерфейс,"Набор основных экранов: список поездок, детали, идеи, маршрут, расходы",collage_required,4,Нужен набор основных экранов в одном изображении.,docs/vkr/latex/chapters/chapter_3_expirements.tex,6
5,5.png,VKR,3.2,3.2 Авторизация и профиль,Экран после успешного входа + экран профиля после изменения данных,collage_required,2,Нужны два состояния: успешный вход и профиль после изменения.,docs/vkr/latex/chapters/chapter_3_expirements.tex,39
6,6.png,VKR,3.3,3.3 Поездки и участники,Создание поездки + список участников после присоединения по ссылке,collage_required,2,Нужны два состояния: создание поездки и список участников.,docs/vkr/latex/chapters/chapter_3_expirements.tex,69
7,7.png,VKR,3.4,3.4 Идеи/обсуждения/маршрут,Коллаж: список идей -> обсуждение -> добавление в маршрут,collage_required,3,Нужен сквозной коллаж: идеи -> обсуждение -> маршрут.,docs/vkr/latex/chapters/chapter_3_expirements.tex,100
8,8.png,VKR,3.5,3.5 Расходы и баланс,"Экран расходов с итогами и долями, подтверждающий пересчет баланса",single,1,,docs/vkr/latex/chapters/chapter_3_expirements.tex,128
9,9.png,VKR,3.6,3.6 Офлайн и синхронизация,Коллаж: действие без сети и результат после восстановления сети,collage_required,2,Нужны два состояния: офлайн-действие и результат после синхронизации.,docs/vkr/latex/chapters/chapter_3_expirements.tex,177
10,10.png,VKR,3.7,3.7 Проверка сценариев,Фрагмент протокола ручного сценария: шаги + факт выполнения,single,1,,docs/vkr/latex/chapters/chapter_3_expirements.tex,240
11,11.png,PMI,6.1.1,6 Методы испытаний,Подтверждение подпункта 6.1.1: Вход через Google,single,1,,docs/latex/pmi/pmi.tex,364
12,12.png,PMI,6.1.2,6 Методы испытаний,Подтверждение подпункта 6.1.2: Открытие списка поездок после входа,single,1,,docs/latex/pmi/pmi.tex,370
13,13.png,PMI,6.2.1,6 Методы испытаний,Подтверждение подпункта 6.2.1: Изменение имени профиля,single,1,,docs/latex/pmi/pmi.tex,377
14,14.png,PMI,6.2.2,6 Методы испытаний,Подтверждение подпункта 6.2.2: Валидация пустого имени,single,1,,docs/latex/pmi/pmi.tex,383
15,15.png,PMI,6.2.3,6 Методы испытаний,Подтверждение подпункта 6.2.3: Сетевая ошибка при сохранении,single,1,,docs/latex/pmi/pmi.tex,389
16,16.png,PMI,6.2.4,6 Методы испытаний,Подтверждение подпункта 6.2.4: Выход из учетной записи,single,1,,docs/latex/pmi/pmi.tex,395
17,17.png,PMI,6.2.5,6 Методы испытаний,Подтверждение подпункта 6.2.5: Удаление профиля,single,1,,docs/latex/pmi/pmi.tex,401
18,18.png,PMI,6.3.1,6 Методы испытаний,Подтверждение подпункта 6.3.1: Создание поездки,single,1,,docs/latex/pmi/pmi.tex,408
19,19.png,PMI,6.3.2,6 Методы испытаний,Подтверждение подпункта 6.3.2: Редактирование поездки,single,1,,docs/latex/pmi/pmi.tex,414
20,20.png,PMI,6.3.3,6 Методы испытаний,Подтверждение подпункта 6.3.3: Удаление поездки,single,1,,docs/latex/pmi/pmi.tex,420
21,21.png,PMI,6.3.4,6 Методы испытаний,Подтверждение подпункта 6.3.4: Валидация обязательного названия,single,1,,docs/latex/pmi/pmi.tex,426
22,22.png,PMI,6.3.5,6 Методы испытаний,Подтверждение подпункта 6.3.5: Валидация диапазона дат,single,1,,docs/latex/pmi/pmi.tex,432
23,23.png,PMI,6.3.6,6 Методы испытаний,Подтверждение подпункта 6.3.6: Сохранение ранее созданной поездки с исходным диапазоном дат,single,1,,docs/latex/pmi/pmi.tex,438
24,24.png,PMI,6.4.1,6 Методы испытаний,Подтверждение подпункта 6.4.1: Генерация ссылки-приглашения,single,1,,docs/latex/pmi/pmi.tex,445
25,25.png,PMI,6.4.2,6 Методы испытаний,Подтверждение подпункта 6.4.2: Присоединение по ссылке,single,1,,docs/latex/pmi/pmi.tex,453
26,26.png,PMI,6.4.3,6 Методы испытаний,Подтверждение подпункта 6.4.3: Повторное присоединение,single,1,,docs/latex/pmi/pmi.tex,459
27,27.png,PMI,6.4.4,6 Методы испытаний,Подтверждение подпункта 6.4.4: Невалидная ссылка,single,1,,docs/latex/pmi/pmi.tex,465
28,28.png,PMI,6.5.1,6 Методы испытаний,Подтверждение подпункта 6.5.1: Создание и редактирование идеи,single,1,,docs/latex/pmi/pmi.tex,472
29,29.png,PMI,6.5.2,6 Методы испытаний,Подтверждение подпункта 6.5.2: Изменение статуса идеи,single,1,,docs/latex/pmi/pmi.tex,478
30,30.png,PMI,6.5.3,6 Методы испытаний,Подтверждение подпункта 6.5.3: Добавление идеи в день маршрута,single,1,,docs/latex/pmi/pmi.tex,484
31,31.png,PMI,6.5.4,6 Методы испытаний,Подтверждение подпункта 6.5.4: Комментарии к идее,single,1,,docs/latex/pmi/pmi.tex,490
32,32.png,PMI,6.5.5,6 Методы испытаний,Подтверждение подпункта 6.5.5: Валидация идеи и комментария,single,1,,docs/latex/pmi/pmi.tex,498
33,33.png,PMI,6.5.6,6 Методы испытаний,Подтверждение подпункта 6.5.6: Удаление идеи,single,1,,docs/latex/pmi/pmi.tex,504
34,34.png,PMI,6.6.1,6 Методы испытаний,Подтверждение подпункта 6.6.1: Работа с городом дня,single,1,,docs/latex/pmi/pmi.tex,512
35,35.png,PMI,6.6.2,6 Методы испытаний,Подтверждение подпункта 6.6.2: Создание и редактирование активности,single,1,,docs/latex/pmi/pmi.tex,518
36,36.png,PMI,6.6.3,6 Методы испытаний,Подтверждение подпункта 6.6.3: Изменение порядка активностей,collage_recommended,2,Желательно показать до/после изменения порядка активностей.,docs/latex/pmi/pmi.tex,524
37,37.png,PMI,6.6.4,6 Методы испытаний,Подтверждение подпункта 6.6.4: Перенос активности между днями,single,1,,docs/latex/pmi/pmi.tex,530
38,38.png,PMI,6.6.5,6 Методы испытаний,Подтверждение подпункта 6.6.5: Удаление активности,single,1,,docs/latex/pmi/pmi.tex,536
39,39.png,PMI,6.6.6,6 Методы испытаний,Подтверждение подпункта 6.6.6: Валидация названия активности,single,1,,docs/latex/pmi/pmi.tex,542
40,40.png,PMI,6.7.1,6 Методы испытаний,Подтверждение подпункта 6.7.1: Продление окончания поездки,single,1,,docs/latex/pmi/pmi.tex,549
41,41.png,PMI,6.7.2,6 Методы испытаний,Подтверждение подпункта 6.7.2: Удаление лишних дней,single,1,,docs/latex/pmi/pmi.tex,555
42,42.png,PMI,6.8.1,6 Методы испытаний,Подтверждение подпункта 6.8.1: Создание расхода,single,1,,docs/latex/pmi/pmi.tex,562
43,43.png,PMI,6.8.2,6 Методы испытаний,Подтверждение подпункта 6.8.2: Просмотр баланса и деталей расхода,collage_recommended,2,Желательно показать список расходов и карточку расхода.,docs/latex/pmi/pmi.tex,568
44,44.png,PMI,6.8.3,6 Методы испытаний,Подтверждение подпункта 6.8.3: Изменение статуса оплаты,single,1,,docs/latex/pmi/pmi.tex,574
45,45.png,PMI,6.8.4,6 Методы испытаний,Подтверждение подпункта 6.8.4: Валидация обязательных полей,single,1,,docs/latex/pmi/pmi.tex,580
46,46.png,PMI,6.9.1,6 Методы испытаний,Подтверждение подпункта 6.9.1: Отображение прогноза,single,1,,docs/latex/pmi/pmi.tex,587
47,47.png,PMI,6.9.2,6 Методы испытаний,Подтверждение подпункта 6.9.2: Обновление прогноза,single,1,,docs/latex/pmi/pmi.tex,593
48,48.png,PMI,6.10.1,6 Методы испытаний,Подтверждение подпункта 6.10.1: Генерация подсказок,single,1,,docs/latex/pmi/pmi.tex,600
49,49.png,PMI,6.10.2,6 Методы испытаний,Подтверждение подпункта 6.10.2: Сохранение подсказки в идеи,collage_recommended,2,Желательно показать сохранение подсказки и ее появление в идеях.,docs/latex/pmi/pmi.tex,606
50,50.png,PMI,6.11.1,6 Методы испытаний,Подтверждение подпункта 6.11.1: Сохранение настроек уведомлений,collage_required,2,Нужны два состояния: до/после повторного открытия экрана настроек.,docs/latex/pmi/pmi.tex,613
51,51.png,PMI,6.11.2,6 Методы испытаний,Подтверждение подпункта 6.11.2: Переход по уведомлению,single,1,,docs/latex/pmi/pmi.tex,619
52,52.png,PMI,6.12.1,6 Методы испытаний,Подтверждение подпункта 6.12.1: Работа без сети,single,1,,docs/latex/pmi/pmi.tex,626
53,53.png,PMI,6.12.2,6 Методы испытаний,Подтверждение подпункта 6.12.2: Действия в офлайн-режиме,single,1,,docs/latex/pmi/pmi.tex,632
54,54.png,PMI,6.12.3,6 Методы испытаний,Подтверждение подпункта 6.12.3: Восстановление после возврата сети,single,1,,docs/latex/pmi/pmi.tex,638
55,55.png,PMI,6.13.1,6 Методы испытаний,Подтверждение подпункта 6.13.1: Русский язык интерфейса,single,1,,docs/latex/pmi/pmi.tex,645
56,56.png,PMI,6.13.2,6 Методы испытаний,Подтверждение подпункта 6.13.2: Английский язык интерфейса,single,1,,docs/latex/pmi/pmi.tex,651
57,57.png,PMI,6.14.1,6 Методы испытаний,Подтверждение подпункта 6.14.1: Валидация пользовательского ввода,single,1,,docs/latex/pmi/pmi.tex,658
58,58.png,PMI,6.14.2,6 Методы испытаний,Подтверждение подпункта 6.14.2: Сетевая ошибка,single,1,,docs/latex/pmi/pmi.tex,664
59,59.png,PMI,6.14.3,6 Методы испытаний,Подтверждение подпункта 6.14.3: Устойчивость приложения,single,1,,docs/latex/pmi/pmi.tex,670
60,60.png,PMI,6.15.1,6 Методы испытаний,Подтверждение подпункта 6.15.1: Перезапуск приложения,single,1,,docs/latex/pmi/pmi.tex,677
61,61.png,PMI,6.15.2,6 Методы испытаний,Подтверждение подпункта 6.15.2: Продолжение пользовательского сценария,single,1,,docs/latex/pmi/pmi.tex,683
62,62.png,PMI,6.16.1,6 Методы испытаний,Подтверждение подпункта 6.16.1: Индикатор при получении подсказок,collage_required,2,Нужны два состояния: индикатор загрузки и итоговый результат.,docs/latex/pmi/pmi.tex,690
63,63.png,PMI,6.16.2,6 Методы испытаний,Подтверждение подпункта 6.16.2: Индикатор при обновлении погоды,collage_required,2,Нужны два состояния: индикатор загрузки и итоговый результат.,docs/latex/pmi/pmi.tex,696
64,64.png,PMI,6.16.3,6 Методы испытаний,Подтверждение подпункта 6.16.3: Индикатор при сохранении данных,collage_required,2,Нужны два состояния: индикатор сохранения и итоговый экран.,docs/latex/pmi/pmi.tex,702
